City_ID,City,Lat,Lng,Max Temp,Humidity,Cloudiness,Wind Speed,Country,Date
0,Mataura,-46.1927,168.8643,61.0,58,100,6.13,NZ,2022-09-19 03:02:30
1,Cachoeirinha,-29.9511,-51.0939,63.97,81,100,4.54,BR,2022-09-19 03:02:30
2,Yumen,40.2833,97.2,72.5,27,57,14.29,CN,2022-09-19 03:02:31
3,Ushuaia,-54.8,-68.3,37.06,70,0,0.0,AR,2022-09-19 02:59:00
4,Albany,42.6001,-73.9662,67.68,94,98,4.79,US,2022-09-19 02:57:40
5,Falun,60.6036,15.626,48.94,85,97,10.18,SE,2022-09-19 03:02:32
6,Alamosa,37.4695,-105.87,60.78,39,20,5.75,US,2022-09-19 03:02:32
7,Busselton,-33.65,115.3333,57.09,80,77,18.84,AU,2022-09-19 03:00:25
8,Sao Miguel Do Araguaia,-13.275,-50.1628,77.63,60,15,2.08,BR,2022-09-19 03:02:33
9,Rikitea,-23.1203,-134.9692,72.32,76,27,18.52,PF,2022-09-19 03:02:33
10,San Policarpo,12.1791,125.5072,87.64,62,100,6.93,PH,2022-09-19 03:02:34
11,Calawag,10.6697,119.5707,86.67,64,100,5.99,PH,2022-09-19 03:02:34
12,Port Hardy,50.6996,-127.4199,53.04,90,99,9.35,CA,2022-09-19 03:02:35
13,Burns Lake,54.2331,-125.7533,48.43,63,5,3.49,CA,2022-09-19 03:00:07
14,Kantunilkin,21.0917,-87.45,74.97,93,0,2.51,MX,2022-09-19 03:02:35
15,Killybegs,54.6333,-8.45,56.16,83,99,4.68,IE,2022-09-19 03:02:36
16,Atuona,-9.8,-139.0333,76.82,76,25,20.2,PF,2022-09-19 03:02:36
17,Chokurdakh,70.6333,147.9167,43.34,44,100,13.98,RU,2022-09-19 03:02:37
18,Vaini,-21.2,-175.2,74.26,79,99,22.55,TO,2022-09-19 03:02:37
19,Maunabo,18.0072,-65.8993,77.9,93,100,25.86,PR,2022-09-19 03:02:38
20,Hofn,64.2539,-15.2082,44.35,74,21,7.54,IS,2022-09-19 03:02:38
21,Tiksi,71.6872,128.8694,36.54,57,90,4.29,RU,2022-09-19 03:02:39
22,Pueblo Nuevo,23.3833,-105.3833,57.45,94,94,3.98,MX,2022-09-19 03:02:39
23,Luanda,-8.8368,13.2343,69.85,93,74,7.34,AO,2022-09-19 03:02:40
24,Chapais,49.7834,-74.8492,39.99,64,45,5.53,CA,2022-09-19 03:02:40
25,Nantai,40.9241,122.8044,62.19,52,0,16.24,CN,2022-09-19 03:02:41
26,Caraballeda,10.6112,-66.8522,80.15,86,54,3.04,VE,2022-09-19 03:02:41
27,Barrow,71.2906,-156.7887,46.42,76,75,8.05,US,2022-09-19 03:02:42
28,Dicabisagan,17.0818,122.4157,84.61,73,69,3.76,PH,2022-09-19 03:02:42
29,Sitka,57.0531,-135.33,52.99,84,81,4.47,US,2022-09-19 03:02:43
30,Hobart,-42.8794,147.3294,61.05,53,75,12.66,AU,2022-09-19 03:00:10
31,Carballo,43.213,-8.691,64.9,76,100,3.65,ES,2022-09-19 03:02:44
32,Bluff,-46.6,168.3333,55.0,70,100,6.22,NZ,2022-09-19 03:02:44
33,Grand Gaube,-20.0064,57.6608,71.38,70,3,5.01,MU,2022-09-19 03:02:45
34,Hermanus,-34.4187,19.2345,49.8,72,95,8.61,ZA,2022-09-19 03:02:45
35,Colwyn Bay,53.2948,-3.7267,54.95,92,95,6.82,GB,2022-09-19 03:02:46
36,Anupgarh,29.1911,73.2086,91.42,29,0,9.08,IN,2022-09-19 03:02:46
37,Puerto Ayora,-0.7393,-90.3518,67.55,89,60,3.0,EC,2022-09-19 03:02:47
38,Oktyabrskoye,43.0645,44.7417,55.54,88,0,4.47,RU,2022-09-19 03:02:47
39,Amalapuram,16.5833,82.0167,74.08,97,100,6.35,IN,2022-09-19 03:02:48
40,Buin,-33.7333,-70.75,53.74,86,60,3.06,CL,2022-09-19 03:02:48
41,Punta Arenas,-53.15,-70.9167,35.11,78,0,2.46,CL,2022-09-19 03:02:49
42,Katsuura,35.1333,140.3,82.18,85,74,19.66,JP,2022-09-19 03:02:49
43,Haimen,23.1935,116.6142,88.84,58,17,4.83,CN,2022-09-19 03:02:50
44,Aleksandrov Gay,50.147,48.5704,67.55,60,52,11.92,RU,2022-09-19 03:03:50
45,Avarua,-21.2078,-159.775,75.25,88,100,3.44,CK,2022-09-19 03:03:51
46,Leshukonskoye,64.8989,45.7622,42.22,98,59,4.92,RU,2022-09-19 03:03:51
47,Fort Saint James,54.4333,-124.25,49.57,56,31,4.14,CA,2022-09-19 03:03:52
48,Alice Springs,-23.7,133.8833,92.75,15,58,21.85,AU,2022-09-19 03:03:52
49,Aklavik,68.2191,-135.0107,48.51,67,99,6.22,CA,2022-09-19 03:03:52
50,Tasiilaq,65.6145,-37.6368,46.56,98,100,3.51,GL,2022-09-19 03:03:53
51,Bonthe,7.5264,-12.505,74.17,89,80,4.63,SL,2022-09-19 03:03:53
52,Pisco,-13.7,-76.2167,60.03,82,6,4.45,PE,2022-09-19 03:03:54
53,Ishigaki,24.3448,124.1572,81.77,70,6,10.13,JP,2022-09-19 03:03:54
54,Klaksvik,62.2266,-6.589,45.52,72,43,11.01,FO,2022-09-19 03:03:54
55,Hami,42.8,93.45,76.01,12,8,5.39,CN,2022-09-19 03:03:55
56,Cape Town,-33.9258,18.4232,54.1,74,29,5.01,ZA,2022-09-19 03:02:55
57,Matagami,49.7502,-77.6328,46.72,49,100,5.86,CA,2022-09-19 03:03:56
58,Calabozo,8.9242,-67.4293,75.38,91,91,1.92,VE,2022-09-19 03:03:56
59,Cayenne,4.9333,-52.3333,78.84,89,75,3.44,GF,2022-09-19 03:03:56
60,Nyurba,63.2842,118.3319,40.57,50,97,6.04,RU,2022-09-19 03:03:57
61,Qaanaaq,77.484,-69.3632,23.18,50,45,8.68,GL,2022-09-19 03:03:57
62,Isabela,6.7085,121.9711,87.8,60,87,5.66,PH,2022-09-19 03:03:58
63,Norman Wells,65.282,-126.8329,47.98,63,100,3.6,CA,2022-09-19 03:03:41
64,Punta Gorda,26.9298,-82.0454,80.01,89,0,8.01,US,2022-09-19 03:03:58
65,Susanville,40.4163,-120.653,60.64,39,20,18.41,US,2022-09-19 03:03:59
66,Constitucion,-35.3333,-72.4167,44.38,77,6,9.35,CL,2022-09-19 03:03:59
67,Bathsheba,13.2167,-59.5167,82.29,79,88,14.61,BB,2022-09-19 03:01:07
68,Sao Joao Da Barra,-21.6403,-41.0511,64.09,78,0,5.88,BR,2022-09-19 03:03:35
69,Carnarvon,-24.8667,113.6333,65.91,58,84,24.67,AU,2022-09-19 03:04:00
70,Kapaa,22.0752,-159.319,84.18,78,79,8.01,US,2022-09-19 03:04:00
71,Fairbanks,64.8378,-147.7164,53.94,59,20,3.44,US,2022-09-19 03:04:01
72,Thompson,55.7435,-97.8558,53.76,100,100,3.44,CA,2022-09-19 03:01:03
73,Kruisfontein,-34.0033,24.7314,54.0,83,100,12.46,ZA,2022-09-19 03:04:01
74,General Roca,-39.0333,-67.5833,41.63,59,93,12.97,AR,2022-09-19 03:04:02
75,Saint-Pierre,-21.3393,55.4781,69.48,60,100,4.61,RE,2022-09-19 03:04:02
76,Makakilo City,21.3469,-158.0858,84.56,60,40,14.97,US,2022-09-19 03:04:03
77,Amzya,56.2354,54.3868,62.1,82,99,10.33,RU,2022-09-19 03:04:03
78,Kodiak,57.79,-152.4072,60.31,72,100,10.36,US,2022-09-19 03:04:04
79,Marystown,47.1666,-55.1483,53.19,63,100,19.42,CA,2022-09-19 03:04:05
80,Lavrentiya,65.5833,-171.0,39.45,80,100,12.15,RU,2022-09-19 03:04:05
81,Scarborough,54.2797,-0.4044,49.66,89,100,1.99,GB,2022-09-19 03:01:13
82,Harper,4.375,-7.7169,75.45,85,24,7.18,LR,2022-09-19 03:04:06
83,The Pas,53.8251,-101.2541,56.05,71,56,4.21,CA,2022-09-19 03:01:03
84,Bredasdorp,-34.5322,20.0403,50.34,85,95,4.07,ZA,2022-09-19 03:04:07
85,Ahipara,-35.1667,173.1667,61.66,91,100,14.52,NZ,2022-09-19 03:04:07
86,Yar-Sale,66.8333,70.8333,45.95,88,100,14.23,RU,2022-09-19 03:03:36
87,Los Llanos De Aridane,28.6585,-17.9182,67.75,87,0,4.0,ES,2022-09-19 03:04:08
88,Lorengau,-2.0226,147.2712,84.11,71,82,7.7,PG,2022-09-19 03:05:08
89,Bethel,41.3712,-73.414,74.48,77,0,5.75,US,2022-09-19 03:04:27
90,Gazanjyk,39.2446,55.5154,71.01,27,0,9.69,TM,2022-09-19 03:05:09
91,Kavaratti,10.5669,72.642,80.67,79,95,10.56,IN,2022-09-19 03:05:10
92,Lompoc,34.6391,-120.4579,67.59,75,100,10.36,US,2022-09-19 03:04:58
93,Keetmanshoop,-26.5833,18.1333,40.73,76,22,15.23,NA,2022-09-19 03:05:10
94,Boende,-0.2167,20.8667,70.59,98,100,1.39,CD,2022-09-19 03:05:11
95,Cabo San Lucas,22.8909,-109.9124,85.51,73,100,9.04,MX,2022-09-19 03:03:44
96,Pont-Saint-Esprit,44.2549,4.6474,59.13,54,4,11.97,FR,2022-09-19 03:05:12
97,Cidreira,-30.1811,-50.2056,62.42,78,100,22.35,BR,2022-09-19 03:05:12
98,Colares,38.7992,-9.4469,72.79,87,77,13.0,PT,2022-09-19 03:05:13
99,Arraial Do Cabo,-22.9661,-42.0278,65.88,74,1,2.44,BR,2022-09-19 03:00:34
100,Port Alfred,-33.5906,26.891,53.19,95,100,3.0,ZA,2022-09-19 03:05:13
101,Mayumba,-3.432,10.6554,74.46,90,100,8.72,GA,2022-09-19 03:05:14
102,Birao,10.2849,22.7882,69.96,95,25,0.4,CF,2022-09-19 03:05:14
103,Yellowknife,62.456,-114.3525,50.56,81,100,4.0,CA,2022-09-19 03:01:34
104,Aitape,-3.1374,142.3475,84.4,70,26,6.38,PG,2022-09-19 03:05:15
105,Upernavik,72.7868,-56.1549,35.92,73,100,1.99,GL,2022-09-19 03:05:03
106,Luganville,-15.5333,167.1667,81.19,80,58,14.9,VU,2022-09-19 03:01:17
107,Miles City,46.4083,-105.8406,71.2,37,82,5.75,US,2022-09-19 03:01:09
108,Zarate,-34.0981,-59.0286,56.84,91,68,1.99,AR,2022-09-19 03:00:34
109,Bambous Virieux,-20.3428,57.7575,72.21,75,15,15.61,MU,2022-09-19 03:05:16
110,Bemidji,47.4736,-94.8803,60.91,93,0,0.0,US,2022-09-19 03:00:28
111,Teeli,51.0333,90.2333,51.35,39,0,2.8,RU,2022-09-19 03:05:17
112,Georgetown,5.4112,100.3354,87.73,62,20,1.14,MY,2022-09-19 03:05:17
113,Paris,48.8534,2.3488,53.11,82,20,4.61,FR,2022-09-19 03:03:06
114,Provideniya,64.3833,-173.3,42.91,100,100,8.99,RU,2022-09-19 03:05:18
115,Cherskiy,68.75,161.3,37.81,53,86,5.26,RU,2022-09-19 03:05:19
116,Souillac,-20.5167,57.5167,69.85,78,5,14.81,MU,2022-09-19 03:01:28
117,Morant Bay,17.8815,-76.4093,83.82,80,5,7.07,JM,2022-09-19 03:05:19
118,Tuatapere,-46.1333,167.6833,58.78,65,99,4.97,NZ,2022-09-19 03:05:20
119,New Norfolk,-42.7826,147.0587,59.72,68,62,5.99,AU,2022-09-19 03:04:50
120,Hasaki,35.7333,140.8333,88.29,83,67,20.33,JP,2022-09-19 03:05:21
121,Longyearbyen,78.2186,15.6401,26.44,80,40,6.91,SJ,2022-09-19 03:01:02
122,Seshcha,53.7361,33.3387,44.73,95,100,21.32,RU,2022-09-19 03:05:22
123,Lagoa,39.05,-27.9833,72.73,88,6,8.19,PT,2022-09-19 03:05:22
124,Hithadhoo,-0.6,73.0833,81.9,74,99,7.58,MV,2022-09-19 03:05:23
125,Ribeira Grande,38.5167,-28.7,73.8,88,11,0.81,PT,2022-09-19 03:05:23
126,Alofi,-19.0595,-169.9187,77.02,78,8,19.1,NU,2022-09-19 03:05:24
127,Kudahuvadhoo,2.6708,72.8944,81.84,69,99,6.91,MV,2022-09-19 03:05:24
128,Luderitz,-26.6481,15.1594,52.47,80,48,11.05,NA,2022-09-19 03:05:25
129,Pimentel,-6.8367,-79.9342,63.57,89,85,12.53,PE,2022-09-19 03:05:25
130,Hilo,19.7297,-155.09,81.28,87,100,4.0,US,2022-09-19 03:05:26
131,Tuktoyaktuk,69.4541,-133.0374,42.94,81,93,1.43,CA,2022-09-19 03:05:26
132,Thunder Bay,48.4001,-89.3168,56.93,94,91,5.99,CA,2022-09-19 03:03:35
133,Hovd,48.0056,91.6419,50.85,32,0,1.81,MN,2022-09-19 03:06:27
134,Butaritari,3.0707,172.7902,82.33,73,13,19.62,KI,2022-09-19 03:06:28
135,Seoul,37.5683,126.9778,83.59,55,100,12.86,KR,2022-09-19 03:04:58
136,Nikolskoye,59.7035,30.7861,50.79,96,100,4.79,RU,2022-09-19 03:06:28
137,Broken Hill,-31.95,141.4333,65.12,38,3,6.13,AU,2022-09-19 03:06:29
138,Castro,-24.7911,-50.0119,48.69,97,11,7.67,BR,2022-09-19 03:06:29
139,Hay River,60.8156,-115.7999,51.03,72,100,5.28,CA,2022-09-19 03:05:41
140,Enshi,30.3,109.4833,71.56,86,100,3.85,CN,2022-09-19 03:06:30
141,Jamestown,42.097,-79.2353,69.71,64,0,6.91,US,2022-09-19 03:05:37
142,Paamiut,61.994,-49.6678,42.66,94,100,2.89,GL,2022-09-19 03:06:30
143,San Jeronimo,-11.9472,-75.2829,51.39,71,100,5.03,PE,2022-09-19 03:06:31
144,Saldanha,-33.0117,17.9442,55.76,66,6,21.56,ZA,2022-09-19 03:06:31
145,Brae,60.3964,-1.353,46.56,70,43,8.81,GB,2022-09-19 03:06:32
146,Port Elizabeth,-33.918,25.5701,55.31,90,100,4.0,ZA,2022-09-19 03:06:32
147,Petropavlovsk-Kamchatskiy,53.0452,158.6483,55.99,58,0,15.66,RU,2022-09-19 03:06:33
148,Faanui,-16.4833,-151.75,78.67,73,8,18.25,PF,2022-09-19 03:06:34
149,Ketchikan,55.3422,-131.6461,57.67,67,0,9.22,US,2022-09-19 03:06:34
150,Okhotsk,59.3833,143.3,43.81,90,100,34.36,RU,2022-09-19 03:06:34
151,Toora-Khem,52.4675,96.11,52.81,50,4,2.35,RU,2022-09-19 03:06:35
152,Sandwick,60.0,-1.25,46.22,81,40,5.75,GB,2022-09-19 03:06:35
153,Tanabe,33.7333,135.3667,79.81,93,100,27.02,JP,2022-09-19 03:06:36
154,Vao,-22.6667,167.4833,73.04,74,0,14.12,NC,2022-09-19 03:06:36
155,Kaseda,31.4167,130.3167,78.17,90,100,25.23,JP,2022-09-19 03:06:37
156,Chulman,56.8479,124.9104,33.64,51,100,16.28,RU,2022-09-19 03:06:37
157,Narsaq,60.9167,-46.05,57.42,72,91,3.0,GL,2022-09-19 03:06:38
158,Ust-Nera,64.5667,143.2,40.95,70,100,3.47,RU,2022-09-19 03:06:38
159,Angoche,-16.2325,39.9086,69.13,92,0,7.72,MZ,2022-09-19 03:02:14
160,Lamu,-2.2717,40.902,77.22,87,24,12.46,KE,2022-09-19 03:06:39
161,Kibala,9.1104,18.3463,69.33,97,96,0.34,TD,2022-09-19 03:06:40
162,Cannes,43.55,7.0167,65.19,75,0,3.44,FR,2022-09-19 03:06:13
163,Marisel,46.65,23.1333,36.23,90,68,5.68,RO,2022-09-19 03:06:40
164,Dera Gopipur,31.9,76.2167,78.19,69,0,3.29,IN,2022-09-19 03:06:41
165,Sarany,58.5,58.8833,49.17,75,100,4.16,RU,2022-09-19 03:06:41
166,Ilulissat,69.2167,-51.1,37.42,100,100,6.91,GL,2022-09-19 03:06:42
167,Araouane,18.9048,-3.5265,83.48,55,89,13.27,ML,2022-09-19 03:06:42
168,Bubaque,11.2833,-15.8333,80.24,79,100,14.0,GW,2022-09-19 03:06:42
169,Traverse City,44.7631,-85.6206,73.51,80,0,6.91,US,2022-09-19 03:06:43
170,Garissa,-0.4536,39.6401,73.49,85,69,13.94,KE,2022-09-19 03:06:43
171,Chuy,-33.6971,-53.4616,58.42,86,100,10.27,UY,2022-09-19 03:06:44
172,Ponta Do Sol,32.6667,-17.1,73.0,88,49,4.36,PT,2022-09-19 03:06:10
173,Clyde River,70.4692,-68.5914,35.83,100,100,13.8,CA,2022-09-19 03:06:44
174,Mortka,59.3322,66.0214,49.91,76,98,4.7,RU,2022-09-19 03:06:45
175,Gisborne,-38.6533,178.0042,63.0,64,59,7.25,NZ,2022-09-19 03:06:45
176,Ostrovnoy,68.0531,39.5131,47.5,97,100,6.73,RU,2022-09-19 03:06:46
177,Coihaique,-45.5752,-72.0662,35.38,99,100,2.57,CL,2022-09-19 03:02:41
178,Codrington,-38.2667,141.9667,56.59,72,66,11.52,AU,2022-09-19 03:06:46
179,Moose Factory,51.2585,-80.6094,49.59,52,99,7.29,CA,2022-09-19 03:07:47
180,Nuuk,64.1835,-51.7216,48.81,81,100,4.61,GL,2022-09-19 03:07:47
181,Avera,33.194,-82.5271,71.11,72,12,6.24,US,2022-09-19 03:07:48
182,Saint George,37.1041,-113.5841,82.94,22,0,5.01,US,2022-09-19 03:07:48
183,Ekhabi,53.5102,142.9671,57.81,82,100,16.15,RU,2022-09-19 03:07:49
184,Evansville,37.9748,-87.5558,77.02,77,0,4.61,US,2022-09-19 03:07:33
185,Akureyri,65.6835,-18.0878,51.62,72,93,9.08,IS,2022-09-19 03:07:49
186,Boa Vista,2.8197,-60.6733,80.58,74,20,1.14,BR,2022-09-19 03:07:50
187,Minab,27.1467,57.0801,83.91,78,5,2.86,IR,2022-09-19 03:07:50
188,Thinadhoo,0.5333,72.9333,82.38,70,23,6.6,MV,2022-09-19 03:07:50
189,Kavieng,-2.5744,150.7967,83.41,72,98,10.65,PG,2022-09-19 03:07:30
190,Geraldton,-28.7667,114.6,61.21,67,100,21.85,AU,2022-09-19 03:07:51
191,Aykhal,66.0,111.5,32.27,96,100,7.11,RU,2022-09-19 03:07:52
192,Zaranj,30.9667,61.8833,78.89,22,0,16.46,AF,2022-09-19 03:07:52
193,Port Lincoln,-34.7333,135.8667,59.76,62,1,9.75,AU,2022-09-19 03:07:52
194,East London,-33.0153,27.9116,58.19,90,100,8.86,ZA,2022-09-19 03:07:53
195,Acapulco,16.8634,-99.8901,77.76,89,99,7.85,MX,2022-09-19 03:03:03
196,Saint-Francois,46.4154,3.9054,38.68,100,0,2.3,FR,2022-09-19 03:07:53
197,Dikson,73.5069,80.5464,31.03,77,48,15.46,RU,2022-09-19 03:07:54
198,Kutum,14.2,24.6667,75.76,52,28,8.12,SD,2022-09-19 03:07:54
199,Finschhafen,-6.6024,147.8681,75.4,94,100,7.61,PG,2022-09-19 03:07:55
200,Prince Rupert,54.3161,-130.3201,52.43,87,42,2.82,CA,2022-09-19 03:05:01
201,Joshimath,30.5667,79.5667,72.12,68,76,2.1,IN,2022-09-19 03:07:55
202,Dawei,14.0833,98.2,73.87,96,100,4.88,MM,2022-09-19 03:07:56
203,Port Townsend,48.117,-122.7605,63.59,53,0,0.0,US,2022-09-19 03:07:56
204,Bitung,1.4451,125.1824,90.45,67,81,7.36,ID,2022-09-19 03:07:57
205,Chapulhuacan,21.1667,-98.9,66.33,99,100,0.45,MX,2022-09-19 03:07:57
206,Poum,-20.2333,164.0167,77.49,72,0,13.04,NC,2022-09-19 03:07:58
207,Sambava,-14.2667,50.1667,66.78,88,13,8.84,MG,2022-09-19 03:07:58
208,Los Palacios,22.5872,-83.2486,75.6,90,70,4.54,CU,2022-09-19 03:06:07
209,Acarau,-2.8856,-40.12,77.77,83,16,15.28,BR,2022-09-19 03:07:58
210,Mehamn,71.0357,27.8492,44.55,87,100,17.27,NO,2022-09-19 03:03:10
211,Chamba,32.5667,76.1333,78.96,54,0,0.51,IN,2022-09-19 03:07:59
212,College,64.8569,-147.8028,55.08,57,75,3.44,US,2022-09-19 03:08:00
213,Chopovychi,50.8332,28.9533,48.04,90,100,19.66,UA,2022-09-19 03:08:00
214,Nyuksenitsa,60.4128,44.2397,50.41,94,100,7.76,RU,2022-09-19 03:08:00
215,Sorong,-0.8833,131.25,83.01,74,21,6.82,ID,2022-09-19 03:08:01
216,Ondangwa,-17.9167,15.95,59.56,26,0,10.16,NA,2022-09-19 03:08:02
217,Lanquin,15.5667,-89.9667,69.44,99,83,1.97,GT,2022-09-19 03:08:02
218,Kaitangata,-46.2817,169.8464,58.48,60,100,3.15,NZ,2022-09-19 03:08:02
219,Jaque,7.5175,-78.1703,77.14,89,100,6.53,PA,2022-09-19 03:08:03
220,Bengkulu,-3.8004,102.2655,81.19,71,100,2.62,ID,2022-09-19 03:03:06
221,Khatanga,71.9667,102.5,33.49,57,15,13.96,RU,2022-09-19 03:08:03
222,Fortuna,40.5982,-124.1573,60.93,88,100,4.0,US,2022-09-19 03:08:04
223,Shingu,33.7333,135.9833,79.83,93,100,20.78,JP,2022-09-19 03:08:04
224,Port Hawkesbury,45.6169,-61.3485,53.58,69,99,4.16,CA,2022-09-19 03:08:05
225,Dali,25.7,100.1833,73.51,67,18,4.61,CN,2022-09-19 03:07:54
226,Mapiri,-15.25,-68.1667,71.42,92,100,1.48,BO,2022-09-19 03:09:05
227,Herat,34.5,62.0,68.23,27,0,7.54,AF,2022-09-19 03:09:06
228,Cooma,-36.2333,149.1333,55.9,39,21,6.02,AU,2022-09-19 03:09:06
229,Paredon,16.0333,-93.8667,78.13,89,99,3.44,MX,2022-09-19 03:09:07
230,Otradnoye,59.7775,30.8181,50.95,97,100,4.56,RU,2022-09-19 03:09:07
231,Terra Santa,-2.1042,-56.4869,83.68,48,63,1.81,BR,2022-09-19 03:09:08
232,Arauco,-37.2463,-73.3175,39.88,87,3,5.01,CL,2022-09-19 03:09:08
233,Inuvik,68.3499,-133.7218,48.85,64,98,8.81,CA,2022-09-19 03:09:09
234,Duluth,46.7833,-92.1066,62.35,89,20,10.36,US,2022-09-19 03:08:41
235,Port Hedland,-20.3167,118.5667,82.45,51,3,17.27,AU,2022-09-19 03:09:09
236,Alta Floresta,-9.8756,-56.0861,70.54,96,65,3.51,BR,2022-09-19 03:07:31
237,Itapora,-22.0799,-54.7874,70.61,54,0,7.4,BR,2022-09-19 03:09:10
238,Severnyy,50.677,36.5532,50.04,71,75,15.66,RU,2022-09-19 03:09:10
239,Kirakira,-10.4544,161.9205,82.69,80,100,12.12,SB,2022-09-19 03:09:11
240,Ordu,40.9086,37.6845,63.1,91,100,4.74,TR,2022-09-19 03:09:11
241,Sur,22.5667,59.5289,81.68,73,0,9.24,OM,2022-09-19 03:09:12
242,Kuznechikha,57.2161,42.3348,55.27,99,100,7.74,RU,2022-09-19 03:09:12
243,Juneau,58.3019,-134.4197,53.6,99,75,4.61,US,2022-09-19 03:09:13
244,Praia,14.9215,-23.5087,77.54,83,20,10.36,CV,2022-09-19 03:09:13
245,Manokwari,-0.8667,134.0833,82.63,71,100,5.66,ID,2022-09-19 03:09:14
246,Russell,32.3502,-85.1999,74.8,94,0,0.0,US,2022-09-19 03:09:14
247,Nanortalik,60.1432,-45.2371,45.05,80,98,11.21,GL,2022-09-19 03:09:15
248,Severo-Kurilsk,50.6789,156.125,52.38,96,99,20.47,RU,2022-09-19 03:06:08
249,Sao Filipe,14.8961,-24.4956,77.92,77,58,6.04,CV,2022-09-19 03:09:15
250,Mecca,21.4267,39.8261,80.85,48,17,5.03,SA,2022-09-19 03:08:04
251,Healesville,-37.65,145.5167,59.9,69,86,4.74,AU,2022-09-19 03:09:16
252,Macduff,57.6701,-2.4969,47.25,42,63,6.69,GB,2022-09-19 03:09:17
253,Doha,25.2867,51.5333,87.78,60,20,6.91,QA,2022-09-19 03:09:17
254,Dingle,10.9995,122.6711,86.77,68,100,14.38,PH,2022-09-19 03:09:18
255,Manado,1.487,124.8455,90.37,62,20,3.44,ID,2022-09-19 03:09:18
256,Dafeng,23.4517,108.5881,92.62,55,21,2.13,CN,2022-09-19 03:09:18
257,Palembang,-2.9167,104.7458,77.09,94,75,3.44,ID,2022-09-19 03:09:19
258,Staryy Nadym,65.6118,72.6842,47.48,95,100,14.12,RU,2022-09-19 03:09:19
259,Romanovo,52.6182,81.2271,54.41,39,0,4.43,RU,2022-09-19 03:09:20
260,Biak,-0.9131,122.8766,83.39,66,76,3.15,ID,2022-09-19 03:09:20
261,Airai,-8.9266,125.4092,81.32,29,87,2.17,TL,2022-09-19 03:09:21
262,Bilibino,68.0546,166.4372,33.35,66,100,2.71,RU,2022-09-19 03:09:21
263,Ginda,30.6945,78.4932,69.91,68,61,0.83,IN,2022-09-19 03:09:22
264,Fort Nelson,58.8053,-122.7002,45.93,68,99,2.71,CA,2022-09-19 03:09:23
265,Marigot,18.0667,-63.0833,82.18,78,20,12.66,MF,2022-09-19 03:09:23
266,Christchurch,-43.5333,172.6333,71.8,50,20,9.22,NZ,2022-09-19 03:04:27
267,Devils Lake,48.1128,-98.8651,60.94,84,0,0.0,US,2022-09-19 03:09:24
268,Yilan,24.757,121.753,95.02,51,43,5.1,TW,2022-09-19 03:09:24
269,Lebu,-37.6167,-73.65,43.05,77,2,6.71,CL,2022-09-19 03:09:25
270,Pevek,69.7008,170.3133,32.56,93,100,16.04,RU,2022-09-19 03:09:25
271,Ryuo,35.65,138.5,83.59,74,100,7.0,JP,2022-09-19 03:10:26
272,Sale,34.0389,-6.8166,68.76,100,40,3.44,MA,2022-09-19 03:10:26
273,Taoudenni,22.6783,-3.9836,89.24,20,7,9.8,ML,2022-09-19 03:10:27
274,Portland,45.5234,-122.6762,72.18,62,40,6.91,US,2022-09-19 03:08:58
275,Praya,14.9215,-23.5087,77.54,83,20,10.36,CV,2022-09-19 03:10:27
276,Nouadhibou,20.931,-17.0347,73.09,83,0,19.75,MR,2022-09-19 03:10:28
277,Knysna,-34.0363,23.0471,54.72,86,100,7.52,ZA,2022-09-19 03:10:28
278,Nivala,63.9167,24.9667,48.69,99,100,5.68,FI,2022-09-19 03:10:29
279,Lanzhou,36.0564,103.7922,57.22,79,100,11.86,CN,2022-09-19 03:10:29
280,Vostok,46.4856,135.8833,45.12,92,97,8.99,RU,2022-09-19 03:10:30
281,Batticaloa,7.7102,81.6924,82.94,71,100,0.63,LK,2022-09-19 03:10:30
282,Longview,32.5007,-94.7405,81.0,69,0,6.91,US,2022-09-19 03:09:41
283,Gat,31.61,34.7642,74.39,100,20,1.14,IL,2022-09-19 03:10:31
284,Springfield,37.2153,-93.2982,80.46,76,0,11.5,US,2022-09-19 03:07:18
285,Ouadda,8.0777,22.4007,66.74,97,73,1.95,CF,2022-09-19 03:10:32
286,Dudinka,69.4058,86.1778,36.63,91,100,9.15,RU,2022-09-19 03:10:32
287,Walvis Bay,-22.9575,14.5053,52.09,66,0,16.62,NA,2022-09-19 03:10:32
288,Kaduqli,11.0167,29.7167,70.07,81,35,1.36,SD,2022-09-19 03:10:33
289,Palmerston,-12.486,130.9833,96.04,60,20,10.36,AU,2022-09-19 03:10:34
290,Jacareacanga,-6.2222,-57.7528,71.1,91,100,2.21,BR,2022-09-19 03:10:34
291,Kalmunai,7.4167,81.8167,83.17,69,91,3.8,LK,2022-09-19 03:10:35
292,Blagoyevo,63.3667,47.9167,43.75,95,81,4.23,RU,2022-09-19 03:10:35
293,Sananduva,-27.9497,-51.8067,53.17,91,22,9.46,BR,2022-09-19 03:10:35
294,Port Blair,11.6667,92.75,83.97,75,73,16.42,IN,2022-09-19 03:10:36
295,Pangnirtung,66.1451,-65.7125,43.07,65,92,0.49,CA,2022-09-19 03:10:36
296,Nerchinskiy Zavod,51.3088,119.61,43.99,27,0,11.68,RU,2022-09-19 03:10:37
297,Arbazh,57.6804,48.3065,56.66,95,94,10.11,RU,2022-09-19 03:10:37
298,Mao,39.8885,4.2658,63.16,77,0,6.91,ES,2022-09-19 03:10:37
299,Mahebourg,-20.4081,57.7,72.25,94,75,10.36,MU,2022-09-19 03:10:38
300,Saint-Augustin,51.226,-58.6502,43.86,72,100,19.46,CA,2022-09-19 03:10:39
301,Esperance,-33.8667,121.9,61.7,67,2,9.31,AU,2022-09-19 03:10:39
302,Kamloops,50.6665,-120.3192,58.19,52,0,2.3,CA,2022-09-19 03:10:40
303,Bonanza,14.0289,-84.591,71.83,98,98,0.96,NI,2022-09-19 03:10:40
304,Rivadavia,-33.1905,-68.4608,46.58,72,85,16.4,AR,2022-09-19 03:10:41
305,Atoyac,20.0167,-103.5333,63.75,98,100,3.47,MX,2022-09-19 03:10:41
306,Hambantota,6.1241,81.1185,83.19,71,64,16.93,LK,2022-09-19 03:10:42
307,Mason City,43.1536,-93.201,65.35,90,40,5.75,US,2022-09-19 03:08:03
308,Yulara,-25.2406,130.9889,87.03,11,27,8.77,AU,2022-09-19 03:10:43
309,Ende,-8.8432,121.6623,87.8,59,16,4.83,ID,2022-09-19 03:10:43
310,Vila Velha,-20.3297,-40.2925,67.95,78,0,5.75,BR,2022-09-19 03:05:46
311,Yubari,43.0378,141.9578,71.92,94,100,4.47,JP,2022-09-19 03:10:44
312,Tommot,58.9564,126.2925,35.26,64,100,10.33,RU,2022-09-19 03:10:45
313,Sao Jose Da Coroa Grande,-8.8978,-35.1478,73.27,79,4,6.64,BR,2022-09-19 03:10:45
314,San Lorenzo,-25.3333,-57.5333,79.74,44,75,11.5,PY,2022-09-19 03:10:45
315,El Balsamo,15.0667,-87.4667,65.93,94,99,2.01,HN,2022-09-19 03:10:46
316,Vardo,70.3705,31.1107,46.38,93,75,13.8,NO,2022-09-19 03:10:46
317,Grindavik,63.8424,-22.4338,49.95,93,100,31.07,IS,2022-09-19 03:10:47
318,Khasan,42.4308,130.6434,62.51,48,86,20.58,RU,2022-09-19 03:11:47
319,Flinders,-34.5833,150.8552,71.19,36,91,11.01,AU,2022-09-19 03:07:34
320,Isla Vista,34.4133,-119.861,67.41,83,0,0.0,US,2022-09-19 03:11:48
321,Kryve Ozero,47.9524,30.3493,49.19,72,9,12.77,UA,2022-09-19 03:11:48
322,Butembo,0.15,29.2833,55.17,97,65,2.59,CD,2022-09-19 03:11:49
323,Torbay,47.6666,-52.7314,50.58,78,41,8.01,CA,2022-09-19 03:09:19
324,Westport,41.1415,-73.3579,75.9,85,0,7.0,US,2022-09-19 03:08:43
325,Zyryanka,65.75,150.85,52.43,35,100,21.03,RU,2022-09-19 03:11:50
326,Buraydah,26.326,43.975,78.53,18,1,1.32,SA,2022-09-19 03:08:52
327,Ginir,7.1333,40.7,57.83,73,44,5.19,ET,2022-09-19 03:11:50
328,Kano,12.0001,8.5167,72.16,88,98,6.62,NG,2022-09-19 03:11:51
329,Leningradskiy,69.3833,178.4167,33.44,98,100,21.61,RU,2022-09-19 03:11:51
330,Quatre Cocos,-20.2078,57.7625,72.09,76,19,15.48,MU,2022-09-19 03:11:52
331,Quelimane,-17.8786,36.8883,71.55,78,0,11.5,MZ,2022-09-19 03:11:53
332,Kloulklubed,7.0419,134.2556,81.86,74,100,5.23,PW,2022-09-19 03:11:53
333,Muisne,0.6,-80.0333,73.76,83,98,8.86,EC,2022-09-19 03:11:54
334,Ziway,7.9333,38.7167,60.57,78,43,1.74,ET,2022-09-19 03:11:54
335,Inirida,3.8653,-67.9239,74.48,94,75,2.35,CO,2022-09-19 03:11:55
336,Rocha,-34.4833,-54.3333,56.77,82,100,14.83,UY,2022-09-19 03:08:39
337,Cervo,43.6702,-7.4101,63.09,79,100,14.2,ES,2022-09-19 03:11:55
338,Tambura,5.6,27.4667,66.38,96,84,2.08,SS,2022-09-19 03:11:56
339,Necochea,-38.5473,-58.7368,51.67,93,100,12.37,AR,2022-09-19 03:11:56
340,Garmisch-Partenkirchen,47.4921,11.0958,47.86,90,100,3.44,DE,2022-09-19 03:11:57
341,Najran,17.4924,44.1277,75.99,48,100,6.04,SA,2022-09-19 03:11:57
342,Alyangula,-13.8483,136.4192,85.03,68,56,14.0,AU,2022-09-19 03:11:58
343,Itacare,-14.2775,-38.9967,72.25,79,100,10.47,BR,2022-09-19 03:11:58
344,Saint-Philippe,-21.3585,55.7679,71.19,82,64,13.22,RE,2022-09-19 03:11:59
345,Mariental,-24.6333,17.9667,45.79,65,0,13.82,NA,2022-09-19 03:11:59
346,Mar Del Plata,-38.0023,-57.5575,56.08,97,100,17.0,AR,2022-09-19 03:12:00
347,Namatanai,-3.6667,152.4333,83.61,70,82,8.66,PG,2022-09-19 03:12:00
348,Haines Junction,60.7522,-137.5108,51.75,50,54,5.75,CA,2022-09-19 03:12:01
349,Pacific Grove,36.6177,-121.9166,66.07,83,67,13.0,US,2022-09-19 03:12:01
350,Antoniny,49.8097,26.8771,46.38,87,100,16.44,UA,2022-09-19 03:12:02
351,Zhanaozen,43.3,52.8,68.45,27,0,11.83,KZ,2022-09-19 03:12:02
352,Prelouc,50.0398,15.5603,46.63,87,100,13.8,CZ,2022-09-19 03:12:03
353,Komsomolskiy,40.4272,71.7189,70.52,35,0,9.22,UZ,2022-09-19 03:12:03
354,Manta,-0.95,-80.7333,69.58,88,100,8.05,EC,2022-09-19 03:07:17
355,Tarakan,3.3,117.6333,83.7,74,40,5.75,ID,2022-09-19 03:12:04
356,Kijang,35.2442,129.2139,72.97,89,100,34.69,KR,2022-09-19 03:12:05
357,Clarence Town,-32.5833,151.7833,73.15,41,100,12.12,AU,2022-09-19 03:12:05
358,Avallon,47.4833,3.9,44.35,85,12,0.6,FR,2022-09-19 03:12:06
359,Natitingou,10.3042,1.3796,69.01,96,100,3.31,BJ,2022-09-19 03:12:07
360,Vila,42.0304,-8.1588,59.88,54,96,3.98,PT,2022-09-19 03:12:07
361,Barcelos,41.5388,-8.6151,76.91,56,66,4.63,PT,2022-09-19 03:12:08
362,Victoria,22.2855,114.1577,92.25,77,53,5.99,HK,2022-09-19 03:09:22
363,Plettenberg Bay,-34.0527,23.3716,55.13,81,100,7.2,ZA,2022-09-19 03:13:09
364,Karratha,-20.7377,116.8463,81.23,31,0,17.6,AU,2022-09-19 03:13:09
365,Jalu,29.0331,21.5482,77.68,41,0,6.71,LY,2022-09-19 03:13:10
366,Ust-Ishim,57.6935,71.1665,56.14,75,95,3.94,RU,2022-09-19 03:13:10
367,Pochutla,15.7432,-96.4661,73.81,92,100,4.23,MX,2022-09-19 03:13:11
368,Kiama,-34.6833,150.8667,71.38,36,96,11.68,AU,2022-09-19 03:13:11
369,Mancio Lima,-7.6142,-72.8958,77.45,64,67,2.35,BR,2022-09-19 03:13:12
370,Sept-Iles,50.2001,-66.3821,46.4,79,20,6.91,CA,2022-09-19 03:13:12
371,Brownsville,25.9018,-97.4975,83.91,84,0,4.61,US,2022-09-19 03:13:02
372,Meadow Lake,34.8014,-106.5436,76.69,48,40,10.89,US,2022-09-19 03:13:13
373,Zwedru,6.0667,-8.1281,68.54,100,90,3.27,LR,2022-09-19 03:13:14
374,Lyantonde,-0.4031,31.1572,63.25,86,96,2.24,UG,2022-09-19 03:13:14
375,Kuusankoski,60.907,26.6244,46.92,99,40,5.75,FI,2022-09-19 03:13:15
376,Urumqi,43.801,87.6005,63.55,24,0,2.24,CN,2022-09-19 03:09:31
377,Borogontsy,62.6683,131.1683,34.88,66,100,10.13,RU,2022-09-19 03:13:16
378,Ancud,-41.8697,-73.8203,41.23,91,48,5.86,CL,2022-09-19 03:13:16
379,Husavik,66.0449,-17.3389,46.38,76,68,11.01,IS,2022-09-19 03:13:17
380,Narasannapeta,18.4167,84.05,78.48,87,100,9.6,IN,2022-09-19 03:13:17
381,Durazno,-33.4131,-56.5006,55.17,83,100,5.66,UY,2022-09-19 03:13:17
382,Balykshi,47.0667,51.8667,68.0,49,0,15.66,KZ,2022-09-19 03:13:18
383,Kula,38.5473,28.6498,61.05,84,5,3.8,TR,2022-09-19 03:13:18
384,Nome,64.5011,-165.4064,46.47,87,100,23.02,US,2022-09-19 03:13:19
385,Noumea,-22.2763,166.4572,87.78,99,0,14.07,NC,2022-09-19 03:09:22
386,Cleburne,32.3476,-97.3867,84.74,59,0,9.22,US,2022-09-19 03:11:33
387,Sibolga,1.7427,98.7792,84.02,59,100,2.42,ID,2022-09-19 03:13:20
388,Bambanglipuro,-7.95,110.2833,81.9,70,90,10.27,ID,2022-09-19 03:13:21
389,Townsville,-19.25,146.8,83.28,65,9,13.8,AU,2022-09-19 03:13:22
390,Darab,28.7519,54.5444,79.18,27,6,1.95,IR,2022-09-19 03:13:22
391,Homer,59.6425,-151.5483,51.8,79,100,4.61,US,2022-09-19 03:09:57
392,Tilichiki,60.4667,166.1,49.41,44,1,11.92,RU,2022-09-19 03:13:23
393,Takaka,-40.85,172.8,61.56,72,48,6.29,NZ,2022-09-19 03:13:23
394,Ryotsu,38.0833,138.4333,84.52,67,98,6.69,JP,2022-09-19 03:13:24
395,Saskylakh,71.9167,114.0833,34.63,84,100,10.49,RU,2022-09-19 03:13:24
396,Shelburne,44.0787,-80.2041,68.45,85,100,8.66,CA,2022-09-19 03:13:25
397,Igarka,67.4667,86.5833,42.8,97,100,11.39,RU,2022-09-19 03:13:25
398,Kislovodsk,43.9133,42.7208,60.44,48,1,6.35,RU,2022-09-19 03:13:26
399,Lunino,53.5918,45.2271,66.18,77,100,13.35,RU,2022-09-19 03:13:26
400,Tucuma,-0.1833,-50.05,77.14,86,48,6.04,BR,2022-09-19 03:13:27
401,Seguela,7.9611,-6.6731,68.4,97,99,2.48,CI,2022-09-19 03:13:27
402,Brikama,13.2714,-16.6494,77.04,88,75,0.0,GM,2022-09-19 03:13:28
403,Puerto Del Rosario,28.5004,-13.8627,73.15,83,0,5.75,ES,2022-09-19 03:13:28
404,Dolores,-36.3132,-57.6792,57.67,92,100,7.49,AR,2022-09-19 03:13:29
405,San Clemente,33.427,-117.612,70.45,77,0,1.99,US,2022-09-19 03:11:53
406,Goderich,43.7501,-81.7165,73.72,78,76,9.22,CA,2022-09-19 03:13:29
407,Usinsk,65.9939,57.5281,44.74,95,81,7.54,RU,2022-09-19 03:13:30
408,Leh,34.1667,77.5833,55.62,22,0,2.75,IN,2022-09-19 03:13:30
409,Sulphur,30.2366,-93.3774,78.78,93,0,3.44,US,2022-09-19 03:13:31
410,Hays,30.0502,-98.0336,84.97,61,1,6.85,US,2022-09-19 03:14:31
411,Taktaharkany,48.0833,21.1333,51.82,76,100,12.64,HU,2022-09-19 03:14:32
412,Kurchum,48.5722,83.6542,62.56,29,0,2.1,KZ,2022-09-19 03:14:32
413,West Bay,19.3667,-81.4167,84.27,81,20,6.91,KY,2022-09-19 03:14:33
414,Sharjah,25.3573,55.4033,87.78,65,0,9.22,AE,2022-09-19 03:14:27
415,Moberly,39.4184,-92.4382,78.78,69,0,10.36,US,2022-09-19 03:10:34
416,Judaberg,59.1659,5.8732,51.82,84,10,8.25,NO,2022-09-19 03:14:34
417,Palauig,15.435,119.9045,83.28,77,93,9.22,PH,2022-09-19 03:14:35
418,Opuwo,-18.0607,13.84,57.74,42,0,4.0,NA,2022-09-19 03:14:35
419,Safaga,26.7292,33.9365,81.95,42,0,4.7,EG,2022-09-19 03:14:36
420,Iqaluit,63.7506,-68.5145,42.53,81,75,2.3,CA,2022-09-19 03:14:36
421,Aanekoski,62.6946,25.818,46.85,100,17,4.29,FI,2022-09-19 03:14:37
422,San Rafael,-34.6177,-68.3301,44.56,76,91,11.36,AR,2022-09-19 03:13:36
423,Coahuayana,18.7333,-103.6833,75.09,98,100,2.98,MX,2022-09-19 03:14:38
424,Biscarrosse,44.3945,-1.1672,51.75,62,0,5.75,FR,2022-09-19 03:14:38
425,Vila Franca Do Campo,37.7167,-25.4333,72.01,92,100,4.12,PT,2022-09-19 03:14:38
426,Chicago,41.85,-87.65,80.17,68,11,4.12,US,2022-09-19 03:11:37
427,Meulaboh,4.1363,96.1285,82.42,67,96,2.37,ID,2022-09-19 03:14:39
428,Santana Do Livramento,-30.8908,-55.5328,56.8,84,100,7.02,BR,2022-09-19 03:14:40
429,Talnakh,69.4865,88.3972,36.21,100,100,2.13,RU,2022-09-19 03:14:40
430,Conceicao Do Araguaia,-8.2578,-49.2647,80.56,39,7,3.62,BR,2022-09-19 03:14:41
431,Goroka,-6.0834,145.3873,80.96,35,82,4.45,PG,2022-09-19 03:14:41
432,Bom Jesus,-9.0744,-44.3586,74.73,38,1,3.11,BR,2022-09-19 03:14:42
433,Atar,20.5169,-13.0499,85.23,31,100,6.42,MR,2022-09-19 03:14:42
434,Moundou,8.5667,16.0833,69.31,98,88,3.2,TD,2022-09-19 03:14:43
435,Pozo Colorado,-23.4923,-58.7972,77.43,53,80,7.4,PY,2022-09-19 03:14:43
436,Bilma,18.6853,12.9164,86.86,37,14,3.31,NE,2022-09-19 03:14:44
437,Cap Malheureux,-19.9842,57.6142,72.46,69,3,7.0,MU,2022-09-19 03:14:44
438,Gladstone,-23.85,151.25,83.79,61,100,9.22,AU,2022-09-19 03:14:45
439,Matam,15.6175,-13.3303,78.26,65,87,7.4,SN,2022-09-19 03:14:45
440,Barentu,15.1139,37.5928,71.51,75,88,4.34,ER,2022-09-19 03:14:46
441,Khromtau,50.2503,58.4347,62.06,33,1,6.6,KZ,2022-09-19 03:14:46
442,Kieta,-6.2167,155.6333,81.99,82,98,7.45,PG,2022-09-19 03:14:47
443,Oxford,51.7522,-1.256,56.03,91,100,2.3,GB,2022-09-19 03:12:32
444,Aviles,43.5547,-5.9248,61.93,81,0,4.61,ES,2022-09-19 03:14:47
445,Waingapu,-9.6567,120.2641,86.81,62,9,10.63,ID,2022-09-19 03:14:48
446,Padang,-0.9492,100.3543,82.45,75,98,1.45,ID,2022-09-19 03:14:49
447,Sao Jose De Ribamar,-2.5619,-44.0542,80.98,81,56,12.3,BR,2022-09-19 03:14:49
448,Mount Isa,-20.7333,139.5,94.77,17,2,10.36,AU,2022-09-19 03:14:50
449,Tecoanapa,16.5167,-98.75,78.04,90,96,9.42,MX,2022-09-19 03:14:50
450,Peniche,39.3558,-9.3811,70.09,86,96,4.23,PT,2022-09-19 03:14:51
451,Ios,36.7333,25.2833,75.38,52,0,8.99,GR,2022-09-19 03:14:52
452,Forest Grove,45.5198,-123.1107,70.95,61,57,1.01,US,2022-09-19 03:14:52
453,Vieste,41.8825,16.175,66.67,48,0,10.33,IT,2022-09-19 03:15:53
454,Kapit,2.0167,112.9333,85.73,68,85,2.75,MY,2022-09-19 03:15:53
455,Coquimbo,-29.9533,-71.3436,51.53,87,0,0.0,CL,2022-09-19 03:15:54
456,Griffith,41.5284,-87.4237,79.05,77,75,4.61,US,2022-09-19 03:15:42
457,Teknaf,20.8624,92.3058,83.19,78,48,18.43,BD,2022-09-19 03:15:54
458,Waspan,14.7419,-83.9717,75.42,94,100,2.98,NI,2022-09-19 03:15:55
459,Muscat,23.6139,58.5922,86.02,80,5,8.81,OM,2022-09-19 03:14:20
460,Corinto,37.9407,22.9573,65.89,58,0,4.18,GR,2022-09-19 03:15:56
461,Kanniyakumari,8.0833,77.5667,80.42,80,100,16.26,IN,2022-09-19 03:15:56
462,Belyy Yar,53.6039,91.3903,49.89,66,0,4.47,RU,2022-09-19 03:15:56
463,Srednekolymsk,67.45,153.6833,47.91,39,76,16.08,RU,2022-09-19 03:15:57
464,Mandalgovi,45.7625,106.2708,44.65,32,0,5.53,MN,2022-09-19 03:15:57
465,Winton,37.3894,-120.6133,66.7,81,100,5.75,US,2022-09-19 03:15:58
466,Sovetskiy,61.3614,63.5842,48.78,78,88,5.06,RU,2022-09-19 03:15:58
467,Qiongshan,20.0058,110.3542,89.58,66,20,8.95,CN,2022-09-19 03:15:59
468,Bundaberg,-24.85,152.35,82.22,71,2,5.01,AU,2022-09-19 03:15:59
469,Ingham,42.6,-84.3833,71.55,86,6,6.51,US,2022-09-19 03:16:00
470,Igrim,63.1906,64.4162,48.87,82,15,9.46,RU,2022-09-19 03:16:00
471,Ahuimanu,21.4447,-157.8378,85.75,66,40,14.97,US,2022-09-19 03:16:01
472,Presidencia Roque Saenz Pena,-26.7852,-60.4388,66.96,86,11,7.23,AR,2022-09-19 03:16:02
473,Baykit,61.67,96.37,49.14,87,100,6.13,RU,2022-09-19 03:16:02
474,Basco,20.4487,121.9702,83.68,74,100,15.95,PH,2022-09-19 03:16:03
475,Kerema,-7.9631,145.7785,84.07,71,94,9.51,PG,2022-09-19 03:16:03
476,Tura,25.5198,90.2201,78.3,92,99,5.68,IN,2022-09-19 03:16:04
477,Yaan,7.3833,8.5667,70.66,98,99,5.5,NG,2022-09-19 03:16:04
478,Lata,40.1629,-8.3327,67.08,71,100,4.09,PT,2022-09-19 03:16:05
479,Beihai,21.4833,109.1,88.07,66,37,9.8,CN,2022-09-19 03:16:05
480,Madukkur,10.4833,79.4,83.43,71,100,3.58,IN,2022-09-19 03:16:06
481,Northam,51.0333,-4.2167,51.06,82,0,2.3,GB,2022-09-19 03:16:06
482,Price,39.5994,-110.8107,66.11,29,0,6.91,US,2022-09-19 03:16:07
483,Chernyshevskiy,63.0128,112.4714,38.91,95,100,7.85,RU,2022-09-19 03:16:07
484,Elbistan,38.2059,37.1983,63.03,65,0,1.63,TR,2022-09-19 03:16:08
485,Pirgos,35.1167,25.7178,73.62,61,0,4.05,GR,2022-09-19 03:16:08
486,Beloha,-25.1667,45.05,68.61,63,0,6.02,MG,2022-09-19 03:16:08
487,Palencia,42.4167,-4.5,57.79,51,71,7.76,ES,2022-09-19 03:16:09
488,Summerside,46.3959,-63.7876,44.47,87,100,3.44,CA,2022-09-19 03:16:10
489,Suntar,62.1444,117.6319,37.24,87,99,7.18,RU,2022-09-19 03:16:10
490,High Level,58.5169,-117.136,50.11,100,100,3.44,CA,2022-09-19 03:16:10
491,Shubarshi,48.5872,57.1869,65.21,26,5,6.96,KZ,2022-09-19 03:16:11
492,Karachi,24.9056,67.0822,80.42,89,0,9.22,PK,2022-09-19 03:16:12
493,Nantucket,41.2835,-70.0995,72.0,88,0,14.97,US,2022-09-19 03:14:15
494,Pangody,65.85,74.4859,48.09,95,100,12.08,RU,2022-09-19 03:16:12
495,Sabha,27.0377,14.4283,80.47,16,0,11.01,LY,2022-09-19 03:16:13
496,Marjamaa,58.9039,24.4306,47.95,97,14,3.15,EE,2022-09-19 03:17:13
497,Tautira,-17.7333,-149.15,77.29,77,21,18.81,PF,2022-09-19 03:17:14
498,Gao,16.6362,1.637,83.86,48,99,2.57,ML,2022-09-19 03:17:06
499,Wad Madani,14.4012,33.5199,80.71,67,100,8.12,SD,2022-09-19 03:17:14
500,Anadyr,64.75,177.4833,43.3,86,75,8.95,RU,2022-09-19 03:17:15
501,Pringsewu,-5.3582,104.9744,83.75,70,100,2.01,ID,2022-09-19 03:17:16
502,Lancaster,40.2504,-76.2499,70.97,85,44,4.65,US,2022-09-19 03:12:58
503,Gaurnadi,22.9667,90.2333,80.82,88,100,9.33,BD,2022-09-19 03:17:17
504,San Quintin,30.4833,-115.95,67.86,76,0,14.43,MX,2022-09-19 03:17:17
505,Isangel,-19.55,169.2667,84.31,65,75,9.22,VU,2022-09-19 03:17:18
506,Deputatskiy,69.3,139.9,33.94,69,100,4.72,RU,2022-09-19 03:17:18
507,Caravelas,-17.7125,-39.2481,68.23,78,10,5.03,BR,2022-09-19 03:17:19
508,Biu,10.6129,12.1946,66.52,95,99,2.91,NG,2022-09-19 03:17:20
509,Aksu,41.1231,80.2644,70.88,42,86,7.61,CN,2022-09-19 03:17:20
510,Am Timan,11.0297,20.2827,70.29,96,30,2.19,TD,2022-09-19 03:17:21
511,Xichang,27.8964,102.2634,75.36,77,82,1.32,CN,2022-09-19 03:17:21
512,Doka,13.5167,35.7667,72.27,70,100,9.75,SD,2022-09-19 03:17:22
513,Thaba-Tseka,-29.522,28.6084,48.0,51,64,4.0,LS,2022-09-19 03:17:22
514,Kysyl-Syr,63.8986,122.7617,38.3,53,64,8.03,RU,2022-09-19 03:17:23
515,Hervey Bay,-25.2986,152.8535,71.42,73,0,11.03,AU,2022-09-19 03:17:23
516,Laguna,38.421,-121.4238,66.18,83,75,9.22,US,2022-09-19 03:17:24
517,Kahului,20.8947,-156.47,86.02,65,0,19.57,US,2022-09-19 03:17:24
518,Olinda,-8.0089,-34.8553,76.73,69,75,9.22,BR,2022-09-19 03:17:25
519,Balkanabat,39.5108,54.3671,78.76,21,0,8.88,TM,2022-09-19 03:17:25
520,Cockburn Town,21.4612,-71.1419,83.17,77,33,20.04,TC,2022-09-19 03:17:26
521,Gazimurskiy Zavod,51.5461,118.3266,42.62,25,0,10.6,RU,2022-09-19 03:17:27
522,Zapolyarnyy,69.4154,30.8136,45.68,98,100,14.88,RU,2022-09-19 03:17:28
523,Dmitriyevka,54.75,55.3333,62.15,80,100,11.81,RU,2022-09-19 03:17:28
524,Bonavista,48.6499,-53.1147,50.79,68,86,23.0,CA,2022-09-19 03:17:29
525,Prien,30.1819,-93.2738,78.82,91,0,3.44,US,2022-09-19 03:17:29
526,Darhan,49.4867,105.9228,52.38,43,0,13.33,MN,2022-09-19 03:17:30
527,Allapalli,19.4167,80.0667,78.13,92,100,2.91,IN,2022-09-19 03:17:30
